상품명,상품설명,중량,생산자명,면세여부,상태
유부,,1kg,CJ씨푸드,N,냉동
조미유부,,160g,CJ씨푸드,N,냉장
조미유부,,640g,CJ씨푸드,N,냉장
삼각조미유부,,600g,CJ씨푸드,N,냉장
사각조미유부,,600g,CJ씨푸드,N,냉장
안동찜닭양념,,220g,CJ제일제당,N,냉장
양념장,,140g,CJ제일제당,N,냉장
된장찌개양념,,530g,CJ제일제당,N,냉장
양념장,,140g,CJ제일제당,N,냉장
양념장,,140g,CJ제일제당,N,냉장
된장찌개양념,,840g,CJ제일제당,N,냉장
양념장,,130g,CJ제일제당,N,냉장
양념장,,530g,CJ제일제당,N,냉장
우렁강된장,,500g,CJ제일제당,N,냉장
비빔된장,,140g,CJ제일제당,N,냉장
양념장,,150g,CJ제일제당,N,냉장
양념장,,150g,CJ제일제당,N,냉장
마카로니,,500g,INDOFOOD,N,상온
파마산치즈,,227g,KRAFT FOODS,N,냉장
A1소스,,283g,KRAFT FOODS,N,상온
키드니빈,,2.6kg,ㄴ,N,상온
17차,,340g,남양유업,N,상온
초콜릿맛드링크,,175g,남양유업,N,상온
초코우유,,250g,남양유업,N,냉장
커피,,500g,네스카페,N,상온
커피믹스,,1.2kg,네스카페,N,상온
캔커피,,5.25kg,네스카페,N,상온
커피믹스,,900g,네스카페,N,상온
커피믹스,,900g,네스카페,N,상온
플레인탄산수,,330g,네슬레,N,상온
코코아가루,,1.2kg,네슬레,N,상온
토마토소스,,3kg,네슬레,N,상온
라임탄산수,,330g,네슬레,N,상온
플레인탄산수,,200g,네슬레,N,상온
플레인탄산수,,750g,네슬레,N,상온
커피,,500g,동서식품,N,상온
커피,,300g,동서식품,N,상온
커피믹스,,240g,동서식품,N,상온
커피,,500g,동서식품,N,상온
커피,,500g,동서식품,N,상온
크리머,,1kg,동서식품,N,상온
커피믹스,,1.2kg,동서식품,N,상온
커피,,500g,동서식품,N,상온
모카커피믹스,,1kg,동서식품,N,상온
커피믹스,,1.18kg,동서식품,N,상온
커피믹스,,2.457kg,동서식품,N,상온
커피믹스,,1.2kg,동서식품,N,상온
커피믹스,,649g,동서식품,N,상온
부드러운블랙,,280g,동서식품,N,상온
콜라,,1.5kg,롯데칠성,N,상온
콜라,,250g,롯데칠성,N,상온
생수,,500g,롯데칠성,N,상온
마일드커피,,175g,롯데칠성,N,상온
콜라,,355g,롯데칠성,N,상온
콜라,,245g,롯데칠성,N,상온
생수,,300g,롯데칠성,N,상온
생수,,500g,롯데칠성,N,상온
콜라,,1.25kg,롯데칠성,N,상온
게맛살,,1kg,사조대림,N,냉장
게맛살,,500g,사조대림,N,냉장
요구르트,,65g,서울우유,N,냉장
요구르트,,80g,서울우유,N,냉장
흰우유,,180g,서울우유,Y,냉장
냉면육수,,310g,얼음골푸드,N,상온
돈까스소스,,2kg,얼음골푸드,N,상온
미트볼,,150g,오뚜기,N,상온
사리면,,115g,오뚜기,N,상온
봉지라면,,120g,오뚜기,N,상온
쇠고기짜장,,200g,오뚜기,N,상온
약간매운맛카레,,200g,오뚜기,N,상온
쇠고기카레,,200g,오뚜기,N,상온
스프,,285g,오뚜기,N,상온
산매실차,,1.5kg,우리원식품,N,상온
냉동라면,,8.8kg,천일식품,N,냉동
마요네즈,,3.2kg,청정원,N,상온
핫소스,,178g,코리아제니스,N,상온
스테이크소스,,260g,코리아제니스,N,상온
핫소스,,180g,코리아제니스,N,상온
스테이크소스,,930g,코리아제니스,N,상온
사이다,,355g,코카콜라,N,상온
킨사이다,,250g,코카콜라,N,상온
킨사이다,,1.5kg,코카콜라,N,상온
크림치즈,,1kg,프로마쥬벨,N,냉장
순창식초,,12kg,하이코리아,N,상온
겨자비소스,,1kg,유니푸드,N,상온
함흥냉면,,2kg,옥천식품,N,냉동
보리차,,300g,오푸드,N,상온
옥수수차,,300g,오푸드,N,상온
쟈스민차,,454g,엠푸드,N,상온
자스민차,,1kg,엠푸드,N,상온
칡냉면,,2kg,별가식품,N,냉동
윈너부어스트,,1kg,미르스타푸드,N,냉동
파닭꼬치,,400g,때때로식품,Y,냉동
북어장소스,,2kg,다고내푸드,N,상온
바베큐불고기토핑,,1kg,남아식품,N,냉동
탄탄직화구이,,1kg,남아식품,N,냉동
리얼비프스테이크,,1kg,남아식품,N,냉동
오징어다리가라아게,,1kg,나린식품,N,냉동
스프볼,,720g,구스F&B,N,냉동
치킨브리또,,140g,구스F&B,N,냉동
불고기브리또,,140g,구스F&B,N,냉동
건포도스콘,,540g,구스F&B,N,냉동
햄버거빵,,2.88kg,구스F&B,N,냉동
먹물번,,3.36kg,구스F&B,N,냉동
파마산치즈,,1kg,,N,상온
머스타드,,3.78kg,,N,상온
또띠아,,1.02kg,,N,냉동
망고퓨레,,1kg,,N,냉동
칡냉면육수,,330g,,N,냉동
초코아이스크림,,5kg,,N,냉동
천사채,,1kg,,N,상온
알로에주스,,1.5kg,,N,상온
마운틴블라스트,,600ml,,N,상온
오렌지주스,,210g,,N,냉장
칠리소스,,3kg,,N,상온
녹차라떼파우더,,500g,,N,상온
홍차라떼,,500g,,N,상온
짬뽕소스,,1kg,,N,상온
스위트사워믹스,,1kg,,N,상온
앵두콘,,2kg,,N,상온
꽁치캔,,400g,,N,상온
천사채,,1kg,,N,상온
생와사비505,,750g,,N,냉동
간장,,1.8kg,,N,상온
클램챠우더스프,,1.81kg,,N,냉동
남도떡갈비,,1.05kg,,N,냉동
언양식바싹불고기,,920g,,N,냉동
스테이크소스,,2kg,,N,냉장
스파게티소스,,3kg,,N,냉장
생콩가루,,500g,,Y,상온
마늘빵생지,,2kg,,N,냉동
고등어캔,,400g,,N,상온
두유,,190g,,N,상온
생수,,2kg,,N,상온
짜먹는요구르트,,240g,,N,냉장
짜먹는요구르트,,240g,,N,냉장
그린키위스무디,,1.8kg,,N,상온
사누끼쯔유,,1.8kg,,N,상온
오뎅쯔유,,1.8kg,,N,상온
완두콩캔,,3kg,,N,상온
낫또,,150g,,N,냉동
햄캔,,340g,,N,상온
햄캔,,200g,,N,상온
데리야끼소스,,1.8kg,,N,상온
햄캔,,200g,,N,상온
생수,,500g,,N,상온
딸기스무디,,1.8kg,,N,상온
골든키위스무디,,1.8kg,,N,상온
베리믹스스무디,,1.8kg,,N,상온
망고베이스,,1.8kg,,N,상온
나가사끼짬뽕소스,,1.8kg,,N,상온
고추장불고기양념,,2kg,,N,상온
레드페퍼,,340g,,Y,상온
딸기잼,,3kg,,N,상온
바닐라아이스크림,,5kg,,N,냉동
체리분말,,538g,,N,상온
야채죽,,285g,,N,상온
쇠고기죽,,285g,,N,상온
전복죽,,285g,,N,상온
밤단팥죽,,285g,,N,상온
나쵸치즈소스,,3kg,,N,상온
게맛살,,270g,,N,냉동
발사믹드레싱,,500g,,N,상온
오렌지주스,,950g,,N,냉장
모카커피,,281g,,N,상온
밀크커피,,281g,,N,상온
핫소스,,4g,,N,상온
월계수,,90g,,N,상온
소시지,,1.08kg,,N,냉장
파마산치즈블렌드,,1kg,,N,상온
알로에주스,,1.5kg,,N,상온
햄캔,,1.81kg,,N,상온
다시마엑기스,,2kg,,N,상온
블루베리레진,,1kg,,N,상온
스퀴드피시소스,,300g,,N,상온
육개장,,600g,,N,냉동
내장탕,,600g,,N,냉동
우거지갈비탕,,600g,,N,냉동
되비지탕,,600g,,N,냉동
설렁탕,,600g,,N,냉동
딸기아이스크림,,5kg,,N,냉동
진한소머리곰탕,,570g,,N,상온
우거지갈비탕,,600g,,N,상온
사발면,,62g,,N,상온
캔커피,,275g,,N,상온
캔커피,,275g,,N,상온
쥬시햄벅스테이크,,960g,,N,냉동
레인보우슈가,,300g,,N,상온
살구잼,,3kg,,N,상온
달팽이캔,,850g,,N,상온
옥수수죽,,400g,,N,상온
갈릭올리브화이트소스,,2kg,,N,냉장
매운올리브칠리소스,,2kg,,N,냉장
복숭아아이스티,,900g,,N,상온
10곡미숫가루,,1kg,,N,상온
햄캔,,1.81kg,,N,상온
머쉬멜로우,,250g,,N,상온
다크초콜릿,,2.5kg,,N,상온
해물알탕,,550g,,N,냉동
휘핑크림,,1kg,,N,냉장
블루베리라떼,,800g,,N,상온
자몽스무디,,1.8kg,,N,상온
부대찌개,,600g,,N,냉동
밀또띠아,,360g,,N,냉동
원두커피,,1kg,,N,상온
초고추장,,100g,,N,상온
초고추장,,1kg,,N,상온
초고추장,,2.2kg,,N,상온
돈까스소스,,60g,,N,상온
화이트초콜릿,,5kg,,N,상온
파마산치즈,,907g,,N,냉장
브리치즈,,125g,,N,냉장
소시지,,350g,,N,냉장
헛개수,,340g,,N,상온
소시지,,825g,,N,냉장
박하사탕,,800g,,N,상온
김치전,,1.3kg,,N,냉동
종합사탕,,800g,,N,상온
바나나맛두유,,140g,,N,상온
달팽이캔,,800g,,N,상온
가위박하사탕,,800g,,N,상온
종합과일사탕,,800g,,N,상온
고르곤졸라치즈,,200g,,N,냉장
얼음,,3kg,,N,냉동
생선까스,,1.2kg,,N,냉동
생선까스,,1.6kg,,N,냉동
동그랑땡,,1kg,,N,냉동
커피믹스,,1.2kg,,N,상온
진간장,,13kg,,N,상온
카레,,220g,,N,상온
사양꿀,,1kg,,Y,상온
사양꿀,,2kg,,Y,상온
뚝배기불고기,,400g,,N,냉동
대두유,,18l,,N,상온
피자치즈DH280,,2.5kg,,N,냉장
블루베리퓨레,,1kg,,N,냉동
휘핑크림,,368g,,N,냉장
오렌지주스,,1.5kg,,N,상온
김밥어묵,,150g,,N,냉장
두유A,,950g,,N,상온
목초액,,500g,,N,상온
아메리칸치즈,,1.36kg,,N,냉장
통등심돈까스,,1.3kg,,N,냉동
통등심돈까스,,800g,,N,냉동
뼈해장국,,600g,,N,냉동
과즙음료,,235g,,N,상온
과즙음료,,235g,,N,상온
과즙음료,,235g,,N,상온
과즙음료,,235g,,N,상온
메밀차,,30g,,N,상온
감자찐만두,,1.5kg,,N,냉동
그뤼에르치즈,,200g,,N,냉장
그물버섯치즈,,140g,,N,냉장
꽃맛살,,2kg,,N,냉장
고염소시지,,454g,,N,냉동
카페라떼,,240g,,N,냉장
아메리카노,,240g,,N,냉장
봉지라면,,625g,,N,상온
구운어묵,,1kg,,N,냉장
후랑크소시지,,500g,,N,냉장
두유,,190g,,N,상온
믹스포션치즈,,140g,,N,냉장
누룽지사탕,,800g,,N,상온
떠먹는요구르트,,85g,,N,냉장
흰우유,,1kg,,Y,냉장
깐풍칠리소스,,1kg,,N,냉장
야채순대,,1kg,,N,냉동
자바칩프리치노,,1kg,,N,상온
그린민트초코칩프리치노,,870g,,N,상온
알떡스테이크,,800g,,N,냉동
카레고로케,,900g,,N,냉동
카레고로케,,1.6kg,,N,냉동
보리차,,240g,,N,상온
블루베리에이드,,2.3kg,,N,냉장
커피,,90g,,N,상온
사시미간장,,1.8kg,,N,상온
치즈베이스,,800g,,N,상온
단호박떡,,1kg,,N,냉동
마가린,,4.5kg,,N,냉장
고추잡채만두,,1.5kg,,N,냉동
멸치액젓,,8kg,,N,상온
보리건빵,,6.5kg,,N,상온
아침에사과주스,,1.5kg,,N,상온
소고기들깨탕,,500g,,N,냉동
오렌지원액,,850g,,N,상온
와사비분말A,,250g,,N,상온
초고버섯캔,,2.8kg,,N,상온
회초장,,13kg,,N,상온
추어탕,,600g,,N,상온
체다치즈,,1.88kg,,N,냉장
키위원액,,850g,,N,상온
타로파우더,,1kg,,N,상온
파마산치즈,,1kg,,N,상온
페퍼민트차,,50g,,N,상온
휘핑크림,,1kg,,N,냉장
흑후추분말,,450g,,Y,상온
초고추장,,40g,,N,상온
겨자소스,,600g,,N,상온
제주감귤주스,,1.5kg,,N,상온
스모크향,,472g,,N,상온
토닉워터,,250g,,N,상온
탄산음료,,355g,,N,상온
탄산음료,,355g,,N,상온
화이트스노우깐쇼새우,,1kg,,N,냉동
밤다이스,,8kg,,N,상온
산초,,500g,,N,상온
망고주스,,200g,,N,상온
오렌지주스,,150g,,N,상온
사과주스,,190g,,N,상온
자몽에이드,,1kg,,N,냉장
피자치즈,,2.5kg,,N,냉장
헛개수,,500g,,N,상온
옥수수차,,300g,,N,상온
꿀호박죽,,285g,,N,상온
햄,,1kg,,N,냉동
넛맥분말,,500g,,N,상온
바닐라라떼파우더,,1.36kg,,N,상온
오렌지주스,,175g,,N,상온
모둠어묵,,480g,,N,냉동
고구마치즈롤까스,,1kg,,N,냉동
홍차맛버블티파우더,,1kg,,N,상온
코코넛버블티파우더,,1kg,,N,상온
매실청,,1.5kg,,N,상온
석류아이스티,,1kg,,N,상온
적체리,,380g,,N,상온
즉석블랙펄,,500g,,N,냉동
마가린,,3.79kg,,N,상온
마늘간장소스,,5kg,,N,상온
우리돼지순살바베큐,,1kg,,N,냉장
딸기원액,,992g,,N,냉동
감귤오렌지주스,,100g,,N,상온
바닐라프로스트글라쎄파우더,,1.36kg,,N,상온
식빵,,700g,,N,상온
우리돼지순살바베큐,,1kg,,N,냉장
토닉워터,,300g,,N,상온
밀크티파우더,,500g,,N,상온
곡물라떼파우더,,800g,,N,상온
타피오카볼,,1kg,,N,냉동
사양벌꿀,,600g,,Y,상온
떠먹는요구르트,,90g,,N,냉장
미트볼,,1kg,,N,냉동
빵가루,,2kg,,N,냉동
바질,,150g,,N,상온
요거트파우더,,1kg,,N,상온
탕수육,,1kg,,N,냉동
떠먹는요구르트,,400g,,N,냉장
떠먹는요구르트,,400g,,N,냉장
196일석류주스,,1.57kg,,N,상온
오렌지주스,,1.57kg,,N,상온
사과음료,,230g,,N,상온
오렌지주스,,130g,,N,상온
포도주스,,130g,,N,상온
토마토주스,,3.72kg,,N,상온
석류주스,,3.72kg,,N,상온
알로에주스,,3.72kg,,N,상온
오렌지주스,,3.72kg,,N,상온
포도주스,,3.72kg,,N,상온
아침햇살,,3.72kg,,N,상온
고칼슘오렌지주스,,180g,,N,상온
장인다시,,2kg,,N,상온
건더기스프,,1kg,,N,상온
휘핑크림,,340g,,N,냉동
고기순대,,1kg,,N,냉장
유기농주스,,125g,,N,상온
유기농주스,,125g,,N,상온
유기농주스,,125g,,N,상온
오렌지주스,,90g,,N,냉장
헛개수,,1.5kg,,N,상온
골뱅이무침소스,,1kg,,N,냉장
순두부양념장,,1kg,,N,냉장
단호박차,,1kg,,N,상온
자몽원액,,860g,,N,상온
옛날과자,,5kg,,N,상온
팝콘옥수수,,700g,,Y,상온
호밀가루,,1kg,,N,냉장
새우분말,,1kg,,Y,상온
쿠키세트,,650g,,N,상온
탄산수,,750g,,N,상온
짜먹는요구르트,,240g,,N,냉장
떠먹는요구르트,,85g,,N,냉장
떠먹는요구르트,,85g,,N,냉장
녹차라떼파우더,,500g,,N,상온
생땅콩,,200g,,N,냉장
카레,,1kg,,N,상온
펜넬씨드,,350g,,N,상온
에스500,,500g,,N,상온
휘핑크림에어졸,,1.275kg,,N,냉장
결명자차,,160g,,N,상온
화이트버튼초콜릿,,2.5kg,,N,상온
하몽,,100g,,Y,냉장
허브프로방스,,230g,,N,상온
오렌지에이드농축액,,1kg,,N,냉장
자몽에이드농축액,,1kg,,N,냉장
라임에이드농축액,,1kg,,N,냉장
한입떡갈비,,1kg,,N,냉동
이천쌀로만든식혜,,1kg,,N,냉장
오렌지주스,,8.4kg,,N,상온
소시지,,560g,,N,냉장
밀가루,,10kg,,Y,상온
작은공기밥,,390g,,N,상온
탄산수,,12kg,,N,상온
탕수육,,1kg,,N,냉동
소시지,,980g,,N,냉장
봉평메밀가루,,900g,,N,상온
마가린,,1.27kg,,N,냉장
파인애플주스,,1kg,,N,상온
치자열매,,500g,,Y,상온
스모크햄,,1kg,,N,냉장
후랑크소시지,,1kg,,N,냉장
우유,,250g,,N,냉장
우유,,250g,,N,냉장
우유,,250g,,N,냉장
우유,,250g,,N,냉장
쌀떡볶이떡,,1.4kg,,N,냉장
녹차파우더,,500g,,N,상온
포도주스,,2.856kg,,N,상온
탄산수,,1.5kg,,N,상온
밀크티,,7.2kg,,N,상온
사이다,,7.35kg,,N,상온
사이다,,10kg,,N,상온
사이다,,1.5kg,,N,상온
생수,,330g,,N,상온
프레시오이피클,,3kg,,N,상온
초콜릿맛음료,,175g,,N,상온
그릴후랑크소시지,,300g,,N,냉장
카페시럽,,1.5kg,,N,상온
오렌지주스,,2.856kg,,N,상온
멜론맛버블티파우더,,1kg,,N,상온
청포도에이드농축액,,1.2kg,,N,상온
두유,,190g,,N,상온
음료베이스,,1kg,,N,상온
카레,,1kg,,N,상온
라임주스,,1kg,,N,상온
오렌지주스,,250g,,N,냉동
오렌지주스,,220g,,N,냉장
사과주스,,220g,,N,냉장
자몽주스,,220g,,N,냉장
초리조소시지,,250g,,N,냉장
피쉬볼,,1kg,,N,냉동
멘치까스,,400g,,N,냉동
연두부튀김,,600g,,N,냉동
청포도에이드농축액,,1kg,,N,냉장
돈까스소스,,1.8kg,,N,상온
피스타치오,,100g,,Y,상온
유기농주스,,70g,,N,상온
유기농주스,,70g,,N,상온
유기농주스,,200g,,N,상온
유기농주스,,200g,,N,상온
유기농주스,,200g,,N,상온
유기농주스,,200g,,N,상온
탄산음료,,355g,,N,상온
후랑크핫소스,,3.78kg,,N,상온
탄산음료,,355g,,N,상온
냉동키위,,1kg,,N,냉동
구슬사이다,,200g,,N,상온
탄산수,,250g,,N,상온
고구마크러스트,,1kg,,N,냉장
블루베리,,1kg,,N,상온
토마토주스,,1.5kg,,N,상온
봉지라면,,700g,,N,상온
블루베리베이스,,1kg,,N,상온
딸기베이스,,1kg,,N,상온
망고베이스,,1kg,,N,상온
후랑크소시지,,500g,,N,냉장
베이킹소다,,6.12kg,,N,상온
큐민시드,,400g,,N,상온
젤라틴분말,,450g,,N,상온
흰우유,,900g,,Y,냉장
얼음,,3kg,,N,냉동
타피오카펄,,400g,,N,상온
고구마스틱,,2kg,,N,냉동
옐로우머스타드,,2.98kg,,N,상온
모짜렐라치즈,,500g,,N,냉장
치즈,,1kg,,N,상온
머쉬룸스프,,1.81kg,,N,냉동
청포도초S농축액,,2kg,,N,상온
사과주스,,185g,,N,상온
오렌지주스,,185g,,N,상온
포도주스,,185g,,N,상온
오렌지주스,,200g,,N,상온
사과주스,,200g,,N,상온
자몽주스,,200g,,N,상온
카페초콜릿파우더,,1kg,,N,상온
모카파우더,,1kg,,N,상온
자바칩파우더,,1kg,,N,상온
탄산음료,,330g,,N,상온
탄산음료,,355g,,N,상온
아이스티,,473g,,N,상온
탄산수,,355g,,N,상온
원두커피,,1kg,,N,상온
콜라,,250g,,N,상온
카모마일티,,50g,,N,상온
탕수육,,1kg,,N,냉동
고구마치즈돈까스,,1.38kg,,N,냉동
요구르트,,140g,,N,냉장
카레후레이크,,1kg,,N,상온
인스턴트원두커피,,112g,,N,상온
인스턴트원두커피,,112g,,N,상온
미소라멘스프,,1kg,,N,상온
요거트파우더,,1kg,,N,상온
허니고구마페이스트,,1kg,,N,상온
버블티파우더,,1kg,,N,상온
버블티파우더,,1kg,,N,상온
스노우허니버터분말,,500g,,N,상온
칠리시즈닝,,450g,,N,상온
팥춘권,,900g,,N,냉동
오렌지주스,,200g,,N,냉장
배주스,,1.5kg,,N,상온
마카로니형뻥튀기,,1.5kg,,N,상온
마카로니형뻥튀기,,3kg,,N,상온
햄,,1kg,,N,상온
아기보리차,,160g,,N,상온
망고원액,,850g,,N,상온
딸기원액,,850g,,N,상온
타코시즈닝,,35g,,N,상온
떠먹는요구르트,,85g,,N,냉장
뱅쇼베이스,,1kg,,N,상온
코코넛파우더,,800g,,N,상온
머스타드파우더,,450g,,N,상온
삼각군만두,,2kg,,N,냉동
아카시아꿀,,1.2kg,,Y,상온
자바카레,,1kg,,N,상온
돈부리노타레,,2.26kg,,N,상온
하이라이스,,160g,,N,상온
사이다,,250g,,N,상온
콜라,,1.5kg,,N,상온
사이다,,1.5kg,,N,상온
치아바타,,480g,,N,냉동
냉동고구마,,1kg,,N,냉동
냉동고구마페이스트,,2.5kg,,N,냉동
밀크초콜릿,,2.5kg,,N,상온
숙주나물,,4kg,,Y,냉장
밀가루,,2.5kg,,Y,상온
시즈닝,,1kg,,N,상온
가쯔오쯔유,,1.8kg,,N,상온
찰김말이튀김,,2kg,,N,냉동
탄산음료,,200g,,N,상온
건강가득야채가득주스,,145g,,N,상온
동글비엔나소시지,,1kg,,N,냉장
자몽베이스,,1.8kg,,N,상온
밀라노에스프레소,,200g,,N,냉장
카레,,1kg,,N,상온
두유,,190g,,N,상온
두유,,190g,,N,상온
두유,,190g,,N,상온
인스턴트원두커피,,140g,,N,상온
인스턴트원두커피,,140g,,N,상온
그린티아이스티,,500g,,N,상온
틸지터치즈,,140g,,N,냉장
떡산적,,1.5kg,,N,냉동
동태시금치전,,1kg,,N,냉동
오징어부추전,,1kg,,N,냉동
청주,,700g,,N,상온
오징어김치전,,1kg,,N,냉동
애플주스,,175g,,N,상온
코다와리이자카야세트,,290g,,N,냉동
빅머쉬멜로우,,100g,,N,상온
홍차파우더,,500g,,N,상온
치즈마스카포네파우더,,800g,,N,상온
가마보꼬,,1kg,,N,냉동
탄산수,,190g,,N,상온
김치전,,1kg,,N,냉동
부추전,,1kg,,N,냉동
해물파전,,1kg,,N,냉동
노란호박전,,1kg,,N,냉동
그린티아이스티,,680g,,N,상온
깔라만시베이스,,1.2kg,,N,상온
우스타소스,,300g,,N,상온
맘스마일코코아,,300g,,N,상온
바삭한마늘바게트,,1.62kg,,N,상온
헤이즐넛오일,,500g,,N,상온
닭다리형과자,,500g,,N,상온
과일젤리,,210g,,N,냉장
과일젤리,,90g,,N,냉장
페퍼민트티,,30g,,N,상온
카모마일티,,30g,,N,상온
얼그레이티,,40g,,N,상온
두유B,,950g,,N,상온
아이스크림믹스,,1kg,,N,냉장
아메리카노,,200g,,N,상온
황호박전,,1kg,,N,냉동
단호박옥수수전,,1kg,,N,냉동
원두커피,,500g,,N,상온
원두커피,,500g,,N,상온
이탈리안드레싱,,444g,,N,상온
구아카몰,,907g,,N,냉동
오렌지주스,,250g,,N,냉장
포도주스,,250g,,N,냉장
커피베이스,,440g,,N,냉장
베이컨감자전,,1kg,,N,냉동
홍자몽농축액,,2kg,,N,상온
소시지,,800g,,N,냉장
소시지,,800g,,N,상온
요구르트,,100g,,N,냉장
청포도농축액,,2kg,,N,상온
단무지,,2.5kg,,N,상온
대구전통납작만두,,600g,,N,냉동
초콜릿파우더,,1kg,,N,상온
골든사과주스,,230g,,N,냉장
요크셔골드티,,250g,,N,상온
무화과,,2kg,,Y,상온
통치즈돈까스,,1.44kg,,N,냉동
화이트복숭아퓨레,,1kg,,N,냉동
코코넛퓨레,,1kg,,N,냉동
망고푸딩,,708g,,N,상온
사이다,,275g,,N,상온
사이다,,275g,,N,상온
사이다,,275g,,N,상온
사이다,,275g,,N,상온
우유소스튀김,,1kg,,N,냉동
홍차베이스,,1kg,,N,상온
박력쌀가루,,3kg,,Y,상온
제빵개량제,,500g,,N,상온
믹스넛,,1kg,,N,상온
원두커피,,1kg,,N,상온
고르곤졸라피자,,300g,,N,냉동
고구마라떼파우더,,870g,,N,상온
오렌지주스,,1kg,,N,냉동
마늘분말,,460g,,Y,상온
양파분말,,460g,,Y,상온
스모크향분,,400g,,N,상온
컵반,,247g,,N,상온
컵반,,280g,,N,상온
컵반,,280g,,N,상온
컵반,,270g,,N,상온
컵반,,229g,,N,상온
컵반,,280g,,N,상온
컵반,,270g,,N,상온
컵반,,166g,,N,상온
컵반,,173g,,N,상온
컵반,,167g,,N,상온
건살구,,500g,,Y,상온
떠먹는요구르트,,90g,,N,냉장
즉석밥,,210g,,N,상온
즉석밥,,200g,,N,상온
리코타치즈,,200g,,N,냉장
고추맛콘,,600g,,N,상온
도톰동그랑땡,,1kg,,N,냉동
오렌지농축액,,1.8kg,,N,상온
99라이트바,,390g,,N,상온
우유쿠키,,66g,,N,상온
임실치즈쿠키,,62g,,N,상온
해남단호박쿠키,,66g,,N,상온
스모크브랏소시지,,1.81kg,,N,냉동
베다체다소시지,,1.81kg,,N,냉동
에너지바,,600g,,N,상온
폴리시소시지,,1.814kg,,N,냉동
쌀새우깡,,80g,,N,상온
드링킹요거트,,250g,,N,냉장
드링킹요거트,,250g,,N,냉장
드링킹요거트,,250g,,N,냉장
떠먹는요거트,,150g,,N,냉장
떠먹는요거트,,150g,,N,냉장
떠먹는요거트,,150g,,N,냉장
머쉬룸크림,,500g,,N,상온
애플사이더분말,,500g,,N,상온
우유샌드위치식빵,,270g,,N,상온
흑미식빵,,300g,,N,상온
잡곡식빵,,300g,,N,상온
옥수수식빵,,300g,,N,상온
양파모닝빵,,180g,,N,상온
치즈빵,,105g,,N,상온
팥빵,,80g,,N,상온
소보루빵,,70g,,N,상온
딸기크림빵,,80g,,N,상온
초코카스텔라,,100g,,N,상온
찰보리카스텔라,,150g,,N,상온
현미마드레느,,85g,,N,상온
블루베리머핀,,120g,,N,상온
경주빵,,180g,,N,상온
초코칩쿠키,,150g,,N,상온
쌀떡뻥,,30g,,N,상온
쌀떡뻥,,30g,,N,상온
쌀과자,,25g,,N,상온
쌀과자,,25g,,N,상온
쌀과자,,25g,,N,상온
청포도농축액,,2kg,,N,상온
김치전,,1kg,,N,냉동
마늘빵,,100g,,N,상온
우동쯔유,,1.8kg,,N,상온
워터젤리,,130g,,N,냉장
워터젤리,,130g,,N,냉장
워터젤리,,130g,,N,냉장
워터젤리,,130g,,N,냉장
오렌지주스,,750g,,N,냉장
단무지,,2.8kg,,N,상온
가쯔오쯔유,,1.8kg,,N,상온
미니어처캔디,,1.02kg,,N,상온
화이트소스파우더,,1kg,,N,상온
오리지날스모크소시지,,396g,,N,냉장
갈릭스모크소시지,,396g,,N,냉장
베다체다소시지,,396g,,N,냉장
코테키노,,1.8kg,,N,냉장
젤리,,100g,,N,상온
코코아화이트청크쿠키생지,,2kg,,N,냉동
화이트청크딜라이트쿠키생지,,2kg,,N,냉동
바질어니언시즈닝,,110g,,N,상온
팝콘스낵,,50g,,N,상온
팝콘스낵,,50g,,N,상온
우리쌀프레이크,,280g,,N,상온
육개장,,1.5kg,,N,냉동
불맛향미유,,1kg,,N,상온
짬뽕소스,,2kg,,N,냉장
짜장소스,,2kg,,N,냉동
짜먹는요구르트,,240g,,N,냉장
아이스크림,,90g,,N,냉동
아이스크림,,90g,,N,냉동
흰우유,,100g,,Y,냉장
탄산음료,,330g,,N,상온
풍기리조또,,175g,,N,상온
된장찌개베이스,,2kg,,N,냉장
훈제파프리카스위트,,70g,,N,상온
팝콘스낵,,70g,,N,상온
팝콘스낵,,70g,,N,상온
토마토페이스트,,3.15kg,,N,상온
초코우유,,190g,,N,상온
딸기우유,,190g,,N,상온
스파게티,,500g,,N,상온
펜네,,500g,,N,상온
산고추,,4kg,,N,상온
구미젤리,,50g,,N,상온
구미젤리,,50g,,N,상온
크레용신찬,,20g,,N,상온
그릴콤비네이션피자,,415g,,N,냉동
요쿠르트,,150g,,N,냉장
컵반,,189g,,N,상온
컵반,,216g,,N,상온
우지마차믹스파우더,,1kg,,N,상온
미니팔미어파이생지,,900g,,N,냉동
딸기잼파이생지,,1.5kg,,N,냉동
자몽농축액,,1.8kg,,N,냉장
애플파이생지,,1.5kg,,N,냉동
먹물빵생지,,2kg,,N,냉동
크랜베리스콘생지,,900g,,N,냉동
피넛쿠키생지,,2.4kg,,N,냉동
딸기베이스,,1kg,,N,상온
닭가슴살&메추리알샐러드,,205g,,N,냉장
파인애플냉동퓨레,,1kg,,N,냉동
매쉬포테이토샐러드,,220g,,N,냉장
치킨시저샐러드,,245g,,N,냉장
부드러운육포,,30g,,N,상온
제주감귤주스,,210g,,N,냉장
포테이토크리스프,,90g,,N,상온
링귀네,,1kg,,N,상온
바닐라익스트랙,,60g,,N,상온
리얼리프아이스티,,325g,,N,상온
리얼리프아이스티,,325g,,N,상온
리얼리프아이스티,,325g,,N,상온
바질시드음료,,290g,,N,상온
바질시드음료,,290g,,N,상온
탄산음료,,275g,,N,상온
크로와상생지,,2.45kg,,N,냉동
컵반,,219g,,N,상온
컵반,,216g,,N,상온
갈릭맛딥핑소스,,2kg,,N,냉장
토핑,,125g,,N,냉장
얼갈이해장국,,1.5kg,,N,냉동
황태해장국,,1.5kg,,N,냉동
쯔유,,1.8kg,,N,상온
고구마라떼파우더,,720g,,N,상온
육포,,45g,,N,상온
그릴불고기피자,,360g,,N,냉동
육포,,30g,,N,상온
크리스피크레커,,150g,,N,상온
초콜릿쿠키,,120g,,N,상온
자바칩파우더,,1kg,,N,상온
휘핑크림,,1kg,,N,냉장
치즈빵,,140g,,N,상온
야마이모가라아게,,1kg,,N,냉동
우엉가라아게,,1kg,,N,냉동
연근가라아게,,500g,,N,냉동
요거트파우더,,1kg,,N,상온
리얼초코36파우더,,500g,,N,상온
매운불맛구이핫바,,90g,,N,냉장
숯불구이맛핫바,,90g,,N,냉장
에낙,,480g,,N,상온
20가지혼합맛젤리,,840g,,N,상온
바나나칩,,60g,,N,상온
보리과자,,400g,,N,상온
볶음밥,,1kg,,N,냉동
토마토주스,,180g,,N,상온
떠먹는요구르트,,80g,,N,냉장
떠먹는요구르트,,80g,,N,냉장
떠먹는요구르트,,80g,,N,냉장
삼벨테라시,,250g,,N,상온
베이컨,,454g,,Y,냉동
더치커피,,1kg,,N,상온
육수베이스,,2kg,,N,냉장
무짠지,,18kg,,N,냉장
구워먹는치즈,,280g,,N,냉장
요구르트,,140g,,N,냉장
초콜릿필링빵,,387g,,N,냉동
딸기필링빵,,387g,,N,냉동
애플필링빵,,387g,,N,냉동
밀크초코바빵,,387g,,N,냉동
팡오쇼콜라,,360g,,N,냉동
버터크로와상,,240g,,N,냉동
마카롱,,921g,,N,냉동
그릴드애플타르트,,750g,,N,냉동
에그타르트플란,,750g,,N,냉동
애플타르트,,1.2kg,,N,냉동
라즈베리타르트,,550g,,N,냉동
오페라,,795g,,N,냉동
크로칸트초콜렛,,800g,,N,냉동
바닐라라즈베리케익,,755g,,N,냉동
벨지움슈가와플,,550g,,N,냉동
붕어간장,,2.25kg,,N,상온
봉어묵,,800g,,N,냉동
유기농주스,,125g,,N,상온
유기농주스,,125g,,N,상온
싱글바,,1.92kg,,N,냉동
블루베리베이스,,1.2kg,,N,냉장
애플망고베이스,,1.2kg,,N,냉장
깔라만시베이스,,1.35kg,,N,냉장
카라멜소스,,1.35kg,,N,상온
초콜릿소스,,1.35kg,,N,상온
화이트초콜릿소스,,1.35kg,,N,상온
와퍼스틱,,120g,,N,상온
그린티믹스,,500g,,N,상온
요구르트,,430g,,N,냉장
해바라기유,,18l,,N,상온
그릴불고기피자,,1.8kg,,N,냉동
청포도베이스,,1.2kg,,N,냉장
그릴포테이토피자,,400g,,N,냉동
생칼국수,,1kg,,N,냉장
참향기름,,1.8l,,N,상온
참향기름,,1.8l,,N,상온
들향기름,,1.8l,,N,상온
요구르트,,130g,,N,냉장
떠먹는요거트,,80g,,N,냉장
그릴디아볼라피자,,300g,,N,냉동
카라멜색소,,2.4kg,,N,상온
자몽주스,,200g,,N,냉장
뮌스터치즈,,681g,,N,냉장
흑당베이스,,1.3kg,,N,상온
후르츠믹스캔디,,810g,,N,상온
새송이떡갈비,,1.15kg,,N,냉동
참맛기름,,1.8l,,N,상온
돼지갈비양념,,2kg,,N,냉장
건포도,,10kg,,N,상온
미니컵,,2.4kg,,N,냉동
미니컵,,2.4kg,,N,냉동
미니컵,,2.4kg,,N,냉동
미니컵,,2.4kg,,N,냉동
호떡만두,,600g,,N,냉동
타피오카펄,,500g,,N,냉동
크로와상플러스렉토엠티큐,,4.8kg,,N,냉동
구미젤리,,50g,,N,상온
미니컵,,2.4kg,,N,냉동
미니프레즐,,2.72kg,,N,상온
올리브,,400g,,N,냉장
올리브,,380g,,N,냉장
올리브유,,5kg,,N,상온
프레쉬펄,,55g,,N,냉장
마스카포네치즈,,500g,,N,냉장
사로코쏘,,25kg,,Y,상온
클라시카,,1kg,,Y,상온
마스카포네치즈,,250g,,N,냉장
프레스카,,25kg,,Y,상온
크리시토,,1kg,,Y,상온
포르마지리조또,,175g,,N,상온
고트치즈,,110g,,N,냉장
그라나파다노치즈,,200g,,N,냉장
더블샷라떼,,6kg,,N,상온
건면,,1kg,,N,상온
냉동두부피,,250g,,N,냉동
푸주,,163g,,N,상온
다시다,,1kg,,N,상온
다시다,,100g,,N,상온
식초,,480g,,N,상온
노천추,,420g,,N,상온
쌀면,,9.5kg,,N,상온
중식당면,,300g,,N,상온
크림치즈,,1.36kg,,N,냉장
위완,,400g,,N,냉동
장위완,,400g,,N,냉동
머위완,,400g,,N,냉동
구채장,,320g,,N,상온
구채장,,2.5kg,,N,상온
쯔마장,,225g,,N,상온
쯔마장,,2.5kg,,N,상온
라임베이스,,1kg,,N,냉장
델리반찬,,90g,,N,냉장
컵반,,261g,,N,상온
컵반,,253g,,N,상온
컵반,,233g,,N,상온
일식돈까스,,1.6kg,,N,냉동
브라운슈가베이스,,2.5kg,,N,상온
체다치즈,,1kg,,N,냉장
쿠킹크림,,1kg,,N,냉장
자두주스,,150g,,N,상온
떠먹는요구르트,,80g,,N,냉장
떠먹는요구르트,,80g,,N,냉장
떠먹는요구르트,,80g,,N,냉장
타카나,,1kg,,N,상온
토마토스파게티소스,,500g,,N,상온
크림스파게티소스,,500g,,N,상온
돈까스소스,,1kg,,N,냉장
마시는고단백멀티비타민,,2.5kg,,N,상온
흰우유,,900g,,Y,냉장
사이즈업아메리카노,,350g,,N,냉장
사이즈업스위트아메리카노,,350g,,N,냉장
즉석블랙타피오카펄,,300g,,N,냉동
수박주스,,1kg,,N,냉동
유기농곡물무슬리,,325g,,N,상온
유기농곡물베렌무슬리,,325g,,N,상온
오렌지베이스,,1.2kg,,N,냉장
자몽베이스,,1.2kg,,N,냉장
화초유,,380g,,N,상온
마라소스,,1kg,,N,상온
두반장,,1kg,,N,상온
훠궈소스,,100g,,N,상온
커피믹스,,2.18kg,,N,상온
스파게티,,500g,,N,상온
냉면비빔장,,2kg,,N,냉동
간장,,900g,,N,상온
고추장,,1kg,,N,상온
된장,,2kg,,N,상온
된장,,950g,,N,상온
국수,,400g,,N,상온
토피넥카라멜와플,,960g,,N,상온
복숭아아이스티,,190g,,N,상온
도라에몽달콤슈크림만쥬,,1kg,,N,냉동
도라에몽의암기빵,,1kg,,N,냉동
요구르트,,135g,,N,냉장
찰치즈볼생지,,1.8kg,,N,냉동
무염버터,,10kg,,N,냉동
건강담은야채과일주스,,145g,,N,상온
블루베리농축액,,1kg,,N,냉장
메이플시럽,,700ml,,N,상온
오렌지마멀레이드,,450g,,N,상온
딸기잼,,450g,,N,상온
라즈베리잼,,450g,,N,상온
살구잼,,450g,,N,상온
원두커피,,1kg,,N,상온
아메리카노,,1.9kg,,N,상온
헤이즐넛향,,1.9kg,,N,상온
카페메이커,,500g,,N,상온
스트링치즈,,180g,,N,냉장
흑임자드레싱,,2kg,,N,냉장
쇠고기야채죽,,220g,,N,냉동
삼계죽,,220g,,N,냉동
전복죽,,220g,,N,냉동
호박죽,,300g,,N,냉동
오렌지착즙주스,,200g,,N,상온
애플착즙주스,,200g,,N,상온
트로피칼착즙주스,,200g,,N,상온
스위트칠리소스,,6kg,,N,상온
컵반,,217g,,N,상온
이지마요,,1kg,,N,냉장
중식당면,,180g,,N,상온
훠궈소스,,100g,,N,상온
콜비잭치즈,,681g,,N,냉장
우리쌀링,,1kg,,N,상온
사과푸딩,,75g,,N,상온
오렌지푸딩,,75g,,N,상온
포도푸딩,,75g,,N,상온
보틀선식,,50g,,N,상온
보틀선식,,50g,,N,상온
보틀선식,,50g,,N,상온
보틀선식,,50g,,N,상온
미극선간장,,500g,,N,상온
타이난도삭면,,400g,,N,상온
라조장,,280g,,N,상온
빙탕설리,,500g,,N,상온
건목이버섯,,1kg,,Y,상온
납작녹두당면,,180g,,N,상온
빙홍차,,500g,,N,상온
차파이우롱차,,500g,,N,상온
마유,,400g,,N,상온
건백목이버섯,,1kg,,Y,상온
사과식초,,946g,,N,상온
황설탕,,1kg,,N,상온
황설탕,,5kg,,N,상온
황설탕,,400g,,N,상온
황설탕,,2kg,,N,상온
밝은갈색설탕,,1kg,,N,상온
밝은갈색설탕,,400g,,N,상온
사과식초,,473g,,N,상온
머스타드,,255g,,N,상온
머스타드,,255g,,N,상온
원더베리,,250g,,N,냉장
요구르트,,130g,,N,냉장
요구르트,,130g,,N,냉장
요구르트,,130g,,N,냉장
토핑,,120g,,N,냉장
블랙스위트소이소스,,400g,,N,상온
삼발아슬리소스,,320g,,N,상온
매쉬드포테이토함박스테이크,,1kg,,N,냉동
숙주나물,,3.5kg,,Y,냉장
숙주나물,,3.5kg,,Y,냉장
어묵,,1kg,,N,냉동
피치초코칩빵,,225g,,N,냉동
찹쌀탕수육,,1kg,,N,냉동
체리분말,,700g,,N,상온
아지츠케멘마,,1kg,,N,상온
ADE,,140g,,N,상온
콤부차,,315g,,N,상온
콤부차,,315g,,N,상온
찹쌀과자,,300g,,N,상온
초코칩싱글쿠키,,500g,,N,상온
초콜릿칩미니쿠키,,50g,,N,상온
초코크림샌드위치쿠키,,100g,,N,상온
초코크림샌드위치쿠키,,300g,,N,상온
크리스피크레페,,78g,,N,상온
파이쿠키위드모찌,,80g,,N,상온
파이쿠키위드모찌,,80g,,N,상온
망고구미젤리,,100g,,N,상온
복숭아구미젤리,,100g,,N,상온
밀크캔디,,80g,,N,상온
초콜릿밀크캔디,,80g,,N,상온
모짜렐라치즈,,453g,,N,냉장
그린티라떼파우더,,500g,,N,상온
산초,,500g,,N,상온
산초,,500g,,N,상온
건두부,,5kg,,N,상온
옥수수면,,2.5kg,,N,상온
녹두실당면,,200g,,N,상온
수정당면,,350g,,N,상온
코코넛음료,,245g,,N,상온
초코도넛,,900g,,N,냉동
라즈베리도넛,,900g,,N,냉동
애플도넛,,900g,,N,냉동
노르망디타르트,,750g,,N,냉동
초코타르트,,800g,,N,냉동
잉글리시브랙퍼스트,,50g,,N,상온
숙주나물,,1kg,,Y,냉장
김치전,,1kg,,N,냉동
해물파전,,1kg,,N,냉동
완두콩캔,,480g,,N,상온
크리스피쌀핫도그,,80g,,N,냉동
흑임자파우더,,500g,,N,상온
솔티드밀크,,800g,,N,상온
백김치,,10kg,,Y,냉장
총각김치,,10kg,,Y,냉장
콩나물,,300g,,Y,냉장
콩나물,,1kg,,Y,냉장
숙주나물,,300g,,Y,냉장
숙주나물,,1kg,,Y,냉장
훠궈소스,,160g,,N,상온
파이크플레이스로스트블랙,,275g,,N,상온
옥수수면,,400g,,N,상온
통오징어바이트튀김,,800g,,N,냉동
자몽에꿀한스푼,,240g,,N,상온
세상에없는루이보스,,240g,,N,상온
세상에없는캐모마일,,240g,,N,상온
소다밴드,,250g,,N,상온
소다밴드,,250g,,N,상온
오징어스테이크튀김,,600g,,N,냉동
오징어스테이크튀김,,800g,,N,냉동
나비오징어꼬치,,700g,,N,냉동
푸주,,500g,,N,상온
복숭아아이스티,,1kg,,N,상온
초생강채,,1.3kg,,N,상온
시애틀라떼,,200g,,N,냉장
줄약과,,300g,,N,상온
바삭튀겨낸꼬마돈까스,,450g,,N,냉동
달고나,,600g,,N,상온
화이트펄,,1kg,,N,상온
모듬돼지내장,,2kg,,N,냉동
떠먹는요거트,,80g,,N,냉장
떠먹는요거트,,80g,,N,냉장
자두스무디,,1.8kg,,N,상온
요거젤리,,90g,,N,냉장
요거젤리,,90g,,N,냉장
요거젤리,,90g,,N,냉장
요거젤리,,90g,,N,냉장
사과주스,,750g,,N,냉장
오렌지주스,,750g,,N,냉장
야채치즈고로케,,960g,,N,냉동
더블치즈폼파우더,,800g,,N,상온
빅핫도그,,130g,,N,냉동
베다체다롤베이크,,110g,,N,냉동
오리지널부대찌개,,500g,,N,냉동
베다체다롤베이크,,550g,,N,냉동
오리지널부대찌개,,965g,,N,냉동
반반핫도그,,80g,,N,냉동
먹물쌀핫도그,,80g,,N,냉동
폭립,,2kg,,N,냉동
폴리시소시지,,1.08kg,,N,냉동
스킨리스스모크소시지,,1.814kg,,N,냉동
양파기름,,1.8l,,N,상온
대파기름,,1.8l,,N,상온
마늘기름,,1.8l,,N,상온
고추매운대파기름,,1.8l,,N,상온
고추매운마늘기름,,1.8l,,N,상온
고추매운양파기름,,1.8l,,N,상온
화이트캐슬버터쿠키,,114g,,N,상온
흰살생선까스,,1.2kg,,N,냉동
로스티드베이컨,,2.72kg,,N,냉장
요거트파우더,,1kg,,N,상온
불막창볶음,,250g,,N,냉동
곱창볶음,,250g,,N,냉동
돼지껍데기,,250g,,N,냉동
화덕돈불고기,,1kg,,N,냉동
트리플치즈미트볼,,1kg,,N,냉동
통살오징어튀김세트,,1kg,,N,냉동
물결파우더,,5kg,,N,상온
직화구이햄,,700g,,N,냉장
리얼코코아볼,,300g,,N,상온
스위트칠리소스,,3kg,,N,상온
요구르트,,120g,,N,냉장
탄산수,,330g,,N,상온
탄산수,,330g,,N,상온
사과탄산음료,,330g,,N,상온
스파게티,,1kg,,N,상온
샌드위치햄,,90g,,N,냉장
그릴비엔나,,320g,,N,냉장
그릴비엔나,,120g,,N,냉장
통삼겹스테이크,,340g,,N,냉장
민트초코프라페믹스,,1kg,,N,상온
병천식순대국세트,,5kg,,N,냉동
부신식돼지국밥세트,,3kg,,N,냉동
멀티캔디,,75g,,N,상온
막대사탕,,125g,,N,상온
막대사탕,,40g,,N,상온
막대사탕,,40g,,N,상온
막대사탕,,40g,,N,상온
막대사탕,,40g,,N,상온
소프트푸룻젤리,,100g,,N,상온
비바바첸곰젤리,,100g,,N,상온
요거트젤리,,100g,,N,상온
아보카도오일,,250g,,N,상온
밀크초콜릿,,20g,,N,상온
버터,,500g,,N,냉동
가염버터,,250g,,N,냉장
버터,,250g,,N,냉장
포션버터,,25g,,N,냉장
포션버터,,25g,,N,냉장
컵반,,250g,,N,상온
그라나파다노치즈,,1kg,,N,냉장
컵반,,250g,,N,상온
그라나파다노치즈,,150g,,N,냉장
모짜렐라치즈,,400g,,N,냉장
뮌스터치즈,,170g,,N,냉장
요거트소스,,2.56kg,,N,냉장
조잘조잘양념오돌뼈,,300g,,N,냉동
꽁알꽁알숯불무뼈닭발,,280g,,N,냉동
귀리음료,,1kg,,N,상온
현미음료,,1kg,,N,상온
쌀코코넛음료,,1kg,,N,상온
쌀코코아퀴노아음료,,1kg,,N,상온
쌀헤이즐넛음료,,1kg,,N,상온
캐슈코코넛음료,,1kg,,N,상온
사과주스,,125g,,N,상온
오렌지감귤주스,,125g,,N,상온
트로피칼펀치주스,,125g,,N,상온
포도주스,,125g,,N,상온
굵은숙주나물,,3.5kg,,Y,냉장
다크초콜릿,,2.5kg,,N,상온
고구마튀김,,1kg,,N,냉동
망고주스,,1.5kg,,N,상온
요거상큼복숭아,,340g,,N,상온
요거풋풋사과,,340g,,N,상온
마카로니과자,,3kg,,N,상온
프리미엄,,750g,,N,상온
오리지널후랑크,,80g,,N,냉장
떠먹는요거트,,200g,,N,냉장
땅콩카라멜파우더,,500g,,N,상온
블루멜로우차,,25g,,N,상온
블랙푸레이크,,300g,,N,상온
후레쉬업망고파우더,,800g,,N,상온
후레쉬업수박파우더,,800g,,N,상온
후레쉬업청포도파우더,,800g,,N,상온
나물동그랑땡,,1kg,,N,냉동
왕교자만두,,1kg,,N,냉동
우리밀왕만두,,1kg,,N,냉동
즉석밥,,1.6kg,,N,상온
무말랭이무침,,4kg,,N,냉장
깻잎무침,,4kg,,N,냉장
콩자반,,4kg,,N,냉장
땅콩조림,,4kg,,N,냉장
꽃빵,,900g,,N,냉동
우리콩간장,,900g,,N,상온
콩콩이두유,,135g,,N,상온
무농약제주감귤,,980g,,N,상온
진케찹,,1kg,,N,상온
돈까스소스,,1kg,,N,냉동
마요네즈,,1kg,,N,냉장
마요네즈,,240g,,N,냉장
습식빵가루,,1kg,,N,냉동
한입달콤호떡,,1kg,,N,냉동
잔트커런츠레이즌,,1kg,,N,상온
굴소스,,240g,,N,냉장
어간장,,1.8kg,,N,냉장
콜드브루원액,,1kg,,N,상온
포션버터,,10g,,N,냉장
우리밀우동면,,1.15kg,,N,냉동
우리밀짜장면,,1.15kg,,N,냉동
파에테포요틴,,2.5kg,,N,상온
우리밀삼색수제비,,1kg,,N,냉동
우리밀한입쫄면,,1kg,,N,냉동
마시는요거트,,140g,,N,냉장
플라이쉬소시지,,350g,,N,냉장
그릴소시지,,350g,,N,냉장
모듬파이브소시지,,340g,,N,냉장
고소한미숫가루두유,,190g,,N,상온
마시는요거트,,140g,,N,냉장
씨드믹스K,,5kg,,N,상온
스파게티니,,1kg,,N,상온
링귀네,,1kg,,N,상온
푸실리,,1kg,,N,상온
파케리,,500g,,N,상온
라자냐,,500g,,N,상온
고기동그랑땡,,300g,,N,냉동
네모당면,,300g,,N,상온
마시는요거트,,130g,,N,냉장
햄,,4.34kg,,N,냉동
마시는요거트,,210g,,N,냉장
마시는요거트,,210g,,N,냉장
쌀과자,,270g,,N,상온
식초,,1kg,,N,냉장
제티초콕,,72g,,N,상온
얼려먹는요구르트,,120g,,N,냉장
얼려먹는요구르트,,120g,,N,냉장
별미핫도그,,325g,,N,냉동
도시락,,256g,,N,냉동
매콤피자맛소시지,,1kg,,N,냉동
황물엿,,1.2kg,,N,상온
수박착즙주스,,1kg,,N,냉동
위앤장마시는요거트,,130g,,N,냉장
콜라겐마시는요거트,,130g,,N,냉장
아스파라거스,,1kg,,Y,냉장
적무순새싹,,500g,,Y,냉장
라디치오,,300g,,Y,냉장
혼합새싹,,50g,,Y,냉장
프리세,,100g,,Y,냉장
통새우,,1.3kg,,Y,냉동
절단낙지,,500g,,Y,냉동
통새우,,1.3kg,,Y,냉동
통새우,,500g,,Y,냉동
통새우,,1.3kg,,Y,냉동
통새우,,1.3kg,,Y,냉동
통새우,,1.3kg,,Y,냉동
갑오징어채,,500g,,Y,냉동
초갑오징어,,120g,,Y,냉동
통새우,,500g,,Y,냉동
다시팩,,1kg,,N,상온
통새우,,1.3kg,,Y,냉동
자숙통새우,,5kg,,Y,냉동
초학꽁치,,120g,,Y,냉동
노란해파리,,10kg,,Y,냉장
새우,,500g,,Y,냉동
통새우,,500g,,Y,냉동
참치,,750g,,Y,냉동
파래가루,,50g,,Y,상온
북어,,1kg,,Y,냉장
